{
  "1": {
    "x": -44637.7578125,
    "y": 49423.19921875,
    "z": 0.25,
    "w": 1.6364698792762506
  },
  "2": {
    "x": -43310.96875,
    "y": 49426.0390625,
    "z": 0.25,
    "w": -0.04860801621612625
  },
  "3": {
    "x": -43275.9453125,
    "y": 48117.03515625,
    "z": 0.25,
    "w": -1.4432841738019027
  },
  "4": {
    "x": -44616.6640625,
    "y": 48061.71484375,
    "z": 0.25,
    "w": 0.05234709438659751
  },
  "Коридор": {
    "x": -41362.98046875,
    "y": 40625.76171875,
    "z": -951.663330078125,
    "w": -0.04065049087896949
  },
  "3 boss": {
    "x": -33766,
    "y": 40637,
    "z": 22.25,
    "w": -3.141592653589793
  },
  "1 Boss": {
    "x": -38351.8984375,
    "y": 54376.63671875,
    "z": 0.2500877380371094,
    "w": -1.5115463188628138
  },
  "2 Boss": {
    "x": -32378.23828125,
    "y": 58533.78515625,
    "z": 0.24999618530273438,
    "w": 1.5492247219652546
  }
}