{
  "1": {
    "x": -135066.296875,
    "y": -74393.609375,
    "z": 0.25,
    "w": -0.044581316647926444
  },
  "2": {
    "x": -129554.3125,
    "y": -70693.2265625,
    "z": -904.9029541015625,
    "w": 1.577699240340382
  },
  "3": {
    "x": -127648.2890625,
    "y": -66113.3984375,
    "z": -1350.9649658203125,
    "w": 0.02799514937891295
  },
  "f3": {
    "x": -129539.5703125,
    "y": -68581.3984375,
    "z": -1140.99462890625,
    "w": 1.5521009359425404
  },
  "In": {
    "x": -136244.953125,
    "y": -75204.328125,
    "z": 0.25,
    "w": -0.047457530625212026
  },
  "f2": {
    "x": -125690.7109375,
    "y": -66045.2890625,
    "z": -1536.7498779296875,
    "w": -3.070070799354625
  }
}