{
  "3": {
    "x": 49574.109375,
    "y": 128442.4609375,
    "z": 3712.222900390625,
    "w": -1.7666664986480443
  },
  "2 Boss (center)": {
    "x": 57700.49609375,
    "y": 128407.140625,
    "z": 2385.25732421875,
    "w": -1.5730014241774821
  },
  "2 Boss": {
    "x": 57706.22265625,
    "y": 130956.640625,
    "z": 2793.79296875,
    "w": -1.5606337040751541
  },
  "3 Boss": {
    "x": 49478.30078125,
    "y": 129226.8359375,
    "z": 3712.222900390625,
    "w": -1.6512344443596498
  },
  "In": {
    "x": 56282,
    "y": 130696,
    "z": 1539.3355712890625,
    "w": 2.5780464616403056
  },
  "f2": {
    "x": 49305.1953125,
    "y": 128466.4140625,
    "z": 3712.222900390625,
    "w": 0.07784952498519629
  }
}